{
    "B_spm_0001.nidm": {
        "contrasts": {
            "1": {
                "coords": {
                    "space": "MNI",
                    "x": [
                        -10.073001384735107,
                        -44.1200008392334,
                        -41.50100088119507,
                        -31.025001049041748,
                        -33.64400100708008,
                        -36.26300096511841,
                        -36.26300096511841,
                        -31.025001049041748,
                        -23.168001174926758,
                        -23.168001174926758,
                        -20.549001216888428,
                        -15.311001300811768,
                        -15.311001300811768,
                        -12.692001342773438,
                        0.4029984474182129,
                        26.592998027801514,
                        0.4029984474182129,
                        5.640998363494873,
                        10.878998279571533,
                        13.497998237609863,
                        13.497998237609863,
                        16.116998195648193,
                        26.592998027801514,
                        29.211997985839844,
                        37.068997859954834,
                        39.687997817993164,
                        47.544997692108154,
                        52.782997608184814
                    ],
                    "y": [
                        -85.35800075531006,
                        8.925997734069824,
                        -35.59700155258179,
                        -53.9300012588501,
                        -40.83500146865845,
                        -14.645001888275146,
                        3.687997817993164,
                        -30.359001636505127,
                        -46.07300138473511,
                        -27.740001678466797,
                        -4.169002056121826,
                        -22.502001762390137,
                        -12.026001930236816,
                        37.734997272491455,
                        63.924996852874756,
                        -27.740001678466797,
                        -25.121001720428467,
                        6.306997776031494,
                        1.068997859954834,
                        19.401997566223145,
                        53.448997020721436,
                        -22.502001762390137,
                        6.306997776031494,
                        -43.45400142669678,
                        -38.21600151062012,
                        -27.740001678466797,
                        -35.59700155258179,
                        -56.54900121688843
                    ],
                    "z": [
                        -10.900002479553223,
                        17.69999647140503,
                        20.299996376037598,
                        59.29999494552612,
                        56.699995040893555,
                        56.699995040893555,
                        -31.70000171661377,
                        -3.1000027656555176,
                        30.69999599456787,
                        35.89999580383301,
                        48.89999532699585,
                        43.69999551773071,
                        28.099996089935303,
                        56.699995040893555,
                        20.299996376037598,
                        -0.5000028610229492,
                        17.69999647140503,
                        22.899996280670166,
                        -5.700002670288086,
                        -13.500002384185791,
                        17.69999647140503,
                        56.699995040893555,
                        30.69999599456787,
                        22.899996280670166,
                        61.89999485015869,
                        22.899996280670166,
                        -10.900002479553223,
                        -18.700002193450928
                    ]
                },
                "images": {
                    "beta": "/home/remi/github/NiMARE/tmp/visual/visual/B_spm_0001.nidm/Contrast.nii.gz",
                    "se": "/home/remi/github/NiMARE/tmp/visual/visual/B_spm_0001.nidm/ContrastStandardError.nii.gz",
                    "space": "MNI_2mm",
                    "t": "/home/remi/github/NiMARE/tmp/visual/visual/B_spm_0001.nidm/TStatistic.nii.gz",
                    "z": null
                },
                "metadata": {
                "sample_sizes": [
                    16
                ]}
            }
        }
    },
    "D_spm_0001.nidm": {
        "contrasts": {
            "1": {
                "coords": {
                    "space": "MNI",
                    "x": [
                        -48.5,
                        -63.5,
                        -57.5,
                        -42.5,
                        -57.5,
                        -42.5,
                        -51.5,
                        -45.5,
                        -45.5,
                        -30.5,
                        -36.5,
                        -36.5,
                        -36.5,
                        -33.5,
                        -18.5,
                        -27.5,
                        -30.5,
                        -30.5,
                        -21.5,
                        -18.5,
                        -18.5,
                        -12.5,
                        -15.5,
                        -9.5,
                        -12.5,
                        11.5,
                        2.5,
                        -9.5,
                        -9.5,
                        -9.5,
                        -3.5,
                        -0.5,
                        8.5,
                        2.5,
                        -0.5,
                        5.5,
                        5.5,
                        8.5,
                        26.5,
                        8.5,
                        20.5,
                        14.5,
                        11.5,
                        11.5,
                        17.5,
                        17.5,
                        17.5,
                        23.5,
                        20.5,
                        23.5,
                        29.5,
                        26.5,
                        29.5,
                        26.5,
                        26.5,
                        26.5,
                        29.5,
                        47.5,
                        32.5,
                        35.5,
                        47.5,
                        35.5,
                        35.5,
                        38.5,
                        44.5,
                        44.5,
                        47.5,
                        53.5
                    ],